<?xml version="1.0"?>
<doc>
    <assembly>
        <name>Telegram.Bot.Extensions.Polling</name>
    </assembly>
    <members>
        <member name="T:Telegram.Bot.Extensions.Polling.DefaultUpdateHandler">
            <summary>
            A very simple <see cref="T:Telegram.Bot.Extensions.Polling.IUpdateHandler"/> implementation
            </summary>
        </member>
        <member name="P:Telegram.Bot.Extensions.Polling.DefaultUpdateHandler.AllowedUpdates">
            <summary>
            Indicates which <see cref="T:Telegram.Bot.Types.Enums.UpdateType"/>s are allowed to be received. null means all updates
            </summary>
        </member>
        <member name="M:Telegram.Bot.Extensions.Polling.DefaultUpdateHandler.#ctor(System.Func{Telegram.Bot.ITelegramBotClient,Telegram.Bot.Types.Update,System.Threading.CancellationToken,System.Threading.Tasks.Task},System.Func{Telegram.Bot.ITelegramBotClient,System.Exception,System.Threading.CancellationToken,System.Threading.Tasks.Task},Telegram.Bot.Types.Enums.UpdateType[])">
            <summary>
            Constructs a new <see cref="T:Telegram.Bot.Extensions.Polling.DefaultUpdateHandler"/> with the specified callback functions
            </summary>
            <param name="updateHandler">The function to invoke when an update is received</param>
            <param name="errorHandler">The function to invoke when an error occurs</param>
            <param name="allowedUpdates">Indicates which <see cref="T:Telegram.Bot.Types.Enums.UpdateType"/>s are allowed to be received. null means all updates</param>
        </member>
        <member name="M:Telegram.Bot.Extensions.Polling.DefaultUpdateHandler.HandleUpdate(Telegram.Bot.ITelegramBotClient,Telegram.Bot.Types.Update,System.Threading.CancellationToken)">
            <inheritdoc />
        </member>
        <member name="M:Telegram.Bot.Extensions.Polling.DefaultUpdateHandler.HandleError(Telegram.Bot.ITelegramBotClient,System.Exception,System.Threading.CancellationToken)">
            <inheritdoc />
        </member>
        <member name="T:Telegram.Bot.Extensions.Polling.IUpdateHandler">
            <summary>
            Processes <see cref="T:Telegram.Bot.Types.Update"/>s and errors.
            <para>See <see cref="T:Telegram.Bot.Extensions.Polling.DefaultUpdateHandler"/> for a simple implementation</para>
            </summary>
        </member>
        <member name="M:Telegram.Bot.Extensions.Polling.IUpdateHandler.HandleUpdate(Telegram.Bot.ITelegramBotClient,Telegram.Bot.Types.Update,System.Threading.CancellationToken)">
            <summary>
            Handles an <see cref="T:Telegram.Bot.Types.Update"/>
            </summary>
            <param name="botClient">The <see cref="T:Telegram.Bot.ITelegramBotClient"/> instance of the bot receiving the <see cref="T:Telegram.Bot.Types.Update"/></param>
            <param name="update">The <see cref="T:Telegram.Bot.Types.Update"/> to handle</param>
            <param name="cancellationToken">The <see cref="T:System.Threading.CancellationToken"/> which will notify that method execution should be cancelled</param>
            <returns></returns>
        </member>
        <member name="M:Telegram.Bot.Extensions.Polling.IUpdateHandler.HandleError(Telegram.Bot.ITelegramBotClient,System.Exception,System.Threading.CancellationToken)">
            <summary>
            Handles an <see cref="T:System.Exception"/>
            </summary>
            <param name="botClient">The <see cref="T:Telegram.Bot.ITelegramBotClient"/> instance of the bot receiving the <see cref="T:System.Exception"/></param>
            <param name="exception">The <see cref="T:System.Exception"/> to handle</param>
            <param name="cancellationToken">The <see cref="T:System.Threading.CancellationToken"/> which will notify that method execution should be cancelled</param>
            <returns></returns>
        </member>
        <member name="P:Telegram.Bot.Extensions.Polling.IUpdateHandler.AllowedUpdates">
            <summary>
            Indicates which <see cref="T:Telegram.Bot.Types.Enums.UpdateType"/>s are allowed to be received. null means all updates
            </summary>
        </member>
        <member name="T:Telegram.Bot.Extensions.Polling.BlockingUpdateReceiver">
            <summary>
            Supports asynchronous iteration over <see cref="T:Telegram.Bot.Types.Update"/>s
            </summary>
        </member>
        <member name="F:Telegram.Bot.Extensions.Polling.BlockingUpdateReceiver.BotClient">
            <summary>
            The <see cref="T:Telegram.Bot.ITelegramBotClient"/> used for making GetUpdates calls
            </summary>
        </member>
        <member name="M:Telegram.Bot.Extensions.Polling.BlockingUpdateReceiver.#ctor(Telegram.Bot.ITelegramBotClient,Telegram.Bot.Types.Enums.UpdateType[],System.Func{System.Exception,System.Threading.CancellationToken,System.Threading.Tasks.Task},System.Threading.CancellationToken)">
            <summary>
            Constructs a new <see cref="T:Telegram.Bot.Extensions.Polling.BlockingUpdateReceiver"/> for the specified <see cref="T:Telegram.Bot.ITelegramBotClient"/>
            </summary>
            <param name="botClient">The <see cref="T:Telegram.Bot.ITelegramBotClient"/> used for making GetUpdates calls</param>
            <param name="allowedUpdates">Indicates which <see cref="T:Telegram.Bot.Types.Enums.UpdateType"/>s are allowed to be received. null means all updates</param>
            <param name="errorHandler">The function used to handle <see cref="T:System.Exception"/>s</param>
            <param name="cancellationToken">The <see cref="T:System.Threading.CancellationToken"/> with which you can stop receiving</param>
        </member>
        <member name="P:Telegram.Bot.Extensions.Polling.BlockingUpdateReceiver.PendingUpdates">
            <summary>
            Indicates how many <see cref="T:Telegram.Bot.Types.Update"/>s are ready to be returned by <see cref="M:Telegram.Bot.Extensions.Polling.BlockingUpdateReceiver.YieldUpdatesAsync"/>
            </summary>
        </member>
        <member name="M:Telegram.Bot.Extensions.Polling.BlockingUpdateReceiver.YieldUpdatesAsync">
            <summary>
            Yields <see cref="T:Telegram.Bot.Types.Update"/>s as they are received (or inside <see cref="P:Telegram.Bot.Extensions.Polling.BlockingUpdateReceiver.PendingUpdates"/>).
            <para>GetUpdates will be called AFTER all the <see cref="T:Telegram.Bot.Types.Update"/>s are processed</para>
            </summary>
            <returns>An <see cref="T:System.Collections.Generic.IAsyncEnumerable`1"/> of <see cref="T:Telegram.Bot.Types.Update"/></returns>
        </member>
        <member name="T:Telegram.Bot.Extensions.Polling.IYieldingUpdateReceiver">
            <summary>
            Exposes an IAsyncEnumerable of <see cref="T:Telegram.Bot.Types.Update"/>s that supports asynchronous iteration over <see cref="T:Telegram.Bot.Types.Update"/>s as they are received
            </summary>
        </member>
        <member name="P:Telegram.Bot.Extensions.Polling.IYieldingUpdateReceiver.PendingUpdates">
            <summary>
            Indicates how many <see cref="T:Telegram.Bot.Types.Update"/>s are ready to be returned by <see cref="M:Telegram.Bot.Extensions.Polling.IYieldingUpdateReceiver.YieldUpdatesAsync"/>
            </summary>
        </member>
        <member name="M:Telegram.Bot.Extensions.Polling.IYieldingUpdateReceiver.YieldUpdatesAsync">
            <summary>
            Gets an IAsyncEnumerable of <see cref="T:Telegram.Bot.Types.Update"/>s that supports asynchronous iteration over <see cref="T:Telegram.Bot.Types.Update"/>s as they are received
            </summary>
            <returns>An <see cref="T:System.Collections.Generic.IAsyncEnumerable`1"/> of <see cref="T:Telegram.Bot.Types.Update"/></returns>
        </member>
        <member name="T:Telegram.Bot.Extensions.Polling.QueuedUpdateReceiver">
            <summary>
            Supports asynchronous iteration over <see cref="T:Telegram.Bot.Types.Update"/>s.
            <para>Updates are received on a different thread and enqueued. <see cref="M:Telegram.Bot.Extensions.Polling.QueuedUpdateReceiver.YieldUpdatesAsync"/> yields updates one by one</para>
            </summary>
        </member>
        <member name="F:Telegram.Bot.Extensions.Polling.QueuedUpdateReceiver.BotClient">
            <summary>
            The <see cref="T:Telegram.Bot.ITelegramBotClient"/> used for making GetUpdates calls
            </summary>
        </member>
        <member name="M:Telegram.Bot.Extensions.Polling.QueuedUpdateReceiver.#ctor(Telegram.Bot.ITelegramBotClient)">
            <summary>
            Constructs a new <see cref="T:Telegram.Bot.Extensions.Polling.QueuedUpdateReceiver"/> for the specified <see cref="T:Telegram.Bot.ITelegramBotClient"/>
            </summary>
            <param name="botClient">The <see cref="T:Telegram.Bot.ITelegramBotClient"/> used for making GetUpdates calls</param>
        </member>
        <member name="P:Telegram.Bot.Extensions.Polling.QueuedUpdateReceiver.IsReceiving">
            <summary>
            Indicates whether <see cref="T:Telegram.Bot.Types.Update"/>s are being received.
            <para>Controlled by StartReceiving and StopReceiving</para>
            </summary>
        </member>
        <member name="P:Telegram.Bot.Extensions.Polling.QueuedUpdateReceiver.PendingUpdates">
            <summary>
            Indicates how many <see cref="T:Telegram.Bot.Types.Update"/>s are ready to be returned by <see cref="M:Telegram.Bot.Extensions.Polling.QueuedUpdateReceiver.YieldUpdatesAsync"/>
            </summary>
        </member>
        <member name="M:Telegram.Bot.Extensions.Polling.QueuedUpdateReceiver.StartReceiving(Telegram.Bot.Types.Enums.UpdateType[],System.Func{System.Exception,System.Threading.CancellationToken,System.Threading.Tasks.Task},System.Threading.CancellationToken)">
            <summary>
            Starts receiving <see cref="T:Telegram.Bot.Types.Update"/>s on the ThreadPool
            </summary>
            <param name="allowedUpdates">Indicates which <see cref="T:Telegram.Bot.Types.Enums.UpdateType"/>s are allowed to be received. null means all updates</param>
            <param name="errorHandler">The function used to handle <see cref="T:System.Exception"/>s</param>
            <param name="cancellationToken">The <see cref="T:System.Threading.CancellationToken"/> with which you can stop receiving</param>
        </member>
        <member name="M:Telegram.Bot.Extensions.Polling.QueuedUpdateReceiver.StopReceiving">
            <summary>
            Stops receiving <see cref="T:Telegram.Bot.Types.Update"/>s.
            <para><see cref="M:Telegram.Bot.Extensions.Polling.QueuedUpdateReceiver.YieldUpdatesAsync"/> will continue to yield <see cref="T:Telegram.Bot.Types.Update"/>s as long as <see cref="P:Telegram.Bot.Extensions.Polling.QueuedUpdateReceiver.PendingUpdates"/> are available</para>
            </summary>
        </member>
        <member name="M:Telegram.Bot.Extensions.Polling.QueuedUpdateReceiver.YieldUpdatesAsync">
            <summary>
            Yields <see cref="T:Telegram.Bot.Types.Update"/>s as they are received (or inside <see cref="P:Telegram.Bot.Extensions.Polling.QueuedUpdateReceiver.PendingUpdates"/>).
            <para>Call StartReceiving before using this <see cref="T:System.Collections.Generic.IAsyncEnumerable`1"/>.</para>
            <para>This <see cref="T:System.Collections.Generic.IAsyncEnumerable`1"/> will continue to yield <see cref="T:Telegram.Bot.Types.Update"/>s
            as long as <see cref="P:Telegram.Bot.Extensions.Polling.QueuedUpdateReceiver.IsReceiving"/> is set or there are <see cref="P:Telegram.Bot.Extensions.Polling.QueuedUpdateReceiver.PendingUpdates"/></para>
            <para>Note that this method is NOT thread-safe (but CAN be called multiple times)</para>
            </summary>
            <returns>An <see cref="T:System.Collections.Generic.IAsyncEnumerable`1"/> of <see cref="T:Telegram.Bot.Types.Update"/></returns>
        </member>
        <member name="T:Telegram.Bot.TelegramBotClientPollingExtensions">
            <summary>
            Provides extension methods for <see cref="T:Telegram.Bot.ITelegramBotClient"/> that allow for <see cref="T:Telegram.Bot.Types.Update"/> polling
            </summary>
        </member>
        <member name="M:Telegram.Bot.TelegramBotClientPollingExtensions.StartReceiving``1(Telegram.Bot.ITelegramBotClient,System.Threading.CancellationToken)">
            <summary>
            Starts receiving <see cref="T:Telegram.Bot.Types.Update"/>s on the ThreadPool, invoking <see cref="M:Telegram.Bot.Extensions.Polling.IUpdateHandler.HandleUpdate(Telegram.Bot.ITelegramBotClient,Telegram.Bot.Types.Update,System.Threading.CancellationToken)"/> for each.
            <para>This method does not block. GetUpdates will be called AFTER the <see cref="M:Telegram.Bot.Extensions.Polling.IUpdateHandler.HandleUpdate(Telegram.Bot.ITelegramBotClient,Telegram.Bot.Types.Update,System.Threading.CancellationToken)"/> returns</para>
            </summary>
            <typeparam name="TUpdateHandler">The <see cref="T:Telegram.Bot.Extensions.Polling.IUpdateHandler"/> used for processing <see cref="T:Telegram.Bot.Types.Update"/>s</typeparam>
            <param name="botClient">The <see cref="T:Telegram.Bot.ITelegramBotClient"/> used for making GetUpdates calls</param>
            <param name="cancellationToken">The <see cref="T:System.Threading.CancellationToken"/> with which you can stop receiving</param>
        </member>
        <member name="M:Telegram.Bot.TelegramBotClientPollingExtensions.StartReceiving(Telegram.Bot.ITelegramBotClient,Telegram.Bot.Extensions.Polling.IUpdateHandler,System.Threading.CancellationToken)">
            <summary>
            Starts receiving <see cref="T:Telegram.Bot.Types.Update"/>s on the ThreadPool, invoking <see cref="M:Telegram.Bot.Extensions.Polling.IUpdateHandler.HandleUpdate(Telegram.Bot.ITelegramBotClient,Telegram.Bot.Types.Update,System.Threading.CancellationToken)"/> for each.
            <para>This method does not block. GetUpdates will be called AFTER the <see cref="M:Telegram.Bot.Extensions.Polling.IUpdateHandler.HandleUpdate(Telegram.Bot.ITelegramBotClient,Telegram.Bot.Types.Update,System.Threading.CancellationToken)"/> returns</para>
            </summary>
            <param name="botClient">The <see cref="T:Telegram.Bot.ITelegramBotClient"/> used for making GetUpdates calls</param>
            <param name="updateHandler">The <see cref="T:Telegram.Bot.Extensions.Polling.IUpdateHandler"/> used for processing <see cref="T:Telegram.Bot.Types.Update"/>s</param>
            <param name="cancellationToken">The <see cref="T:System.Threading.CancellationToken"/> with which you can stop receiving</param>
        </member>
        <member name="M:Telegram.Bot.TelegramBotClientPollingExtensions.ReceiveAsync``1(Telegram.Bot.ITelegramBotClient,System.Threading.CancellationToken)">
            <summary>
            Starts receiving <see cref="T:Telegram.Bot.Types.Update"/>s on the ThreadPool, invoking <see cref="M:Telegram.Bot.Extensions.Polling.IUpdateHandler.HandleUpdate(Telegram.Bot.ITelegramBotClient,Telegram.Bot.Types.Update,System.Threading.CancellationToken)"/> for each.
            <para>This method will block if awaited. GetUpdates will be called AFTER the <see cref="M:Telegram.Bot.Extensions.Polling.IUpdateHandler.HandleUpdate(Telegram.Bot.ITelegramBotClient,Telegram.Bot.Types.Update,System.Threading.CancellationToken)"/> returns</para>
            </summary>
            <typeparam name="TUpdateHandler">The <see cref="T:Telegram.Bot.Extensions.Polling.IUpdateHandler"/> used for processing <see cref="T:Telegram.Bot.Types.Update"/>s</typeparam>
            <param name="botClient">The <see cref="T:Telegram.Bot.ITelegramBotClient"/> used for making GetUpdates calls</param>
            <param name="cancellationToken">The <see cref="T:System.Threading.CancellationToken"/> with which you can stop receiving</param>
            <returns></returns>
        </member>
        <member name="M:Telegram.Bot.TelegramBotClientPollingExtensions.ReceiveAsync(Telegram.Bot.ITelegramBotClient,Telegram.Bot.Extensions.Polling.IUpdateHandler,System.Threading.CancellationToken)">
            <summary>
            Starts receiving <see cref="T:Telegram.Bot.Types.Update"/>s on the ThreadPool, invoking <see cref="M:Telegram.Bot.Extensions.Polling.IUpdateHandler.HandleUpdate(Telegram.Bot.ITelegramBotClient,Telegram.Bot.Types.Update,System.Threading.CancellationToken)"/> for each.
            <para>This method will block if awaited. GetUpdates will be called AFTER the <see cref="M:Telegram.Bot.Extensions.Polling.IUpdateHandler.HandleUpdate(Telegram.Bot.ITelegramBotClient,Telegram.Bot.Types.Update,System.Threading.CancellationToken)"/> returns</para>
            </summary>
            <param name="botClient">The <see cref="T:Telegram.Bot.ITelegramBotClient"/> used for making GetUpdates calls</param>
            <param name="updateHandler">The <see cref="T:Telegram.Bot.Extensions.Polling.IUpdateHandler"/> used for processing <see cref="T:Telegram.Bot.Types.Update"/>s</param>
            <param name="cancellationToken">The <see cref="T:System.Threading.CancellationToken"/> with which you can stop receiving</param>
            <returns></returns>
        </member>
    </members>
</doc>
